slug,name,instagram-url
frontyard-projects,Frontyard Projects,https://www.instagram.com/frontyardorg/
keffiyeh-aid-project,Keffiyeh Aid Project,https://www.instagram.com/keffiyeh_aid_project
lexington-tool-library,Lexington Tool Library,https://www.instagram.com/lextoollibrary
greenspell,Greenspell Organization,https://www.instagram.com/greenspellorg
frome-pride,Frome Pride,https://www.instagram.com/fromepride/
wewrite-app,WeWrite App,https://www.instagram.com/getwewrite/
tlc,Trans Liberation Cambridge,https://instagram.com/trans.liberation.cambridge
fff-mexico,Fridays For Future Mexico,https://instagram.com/vxfmex
mhw,Melanin Health & Wellness,https://melanin_hw/
bi4farmers,Basic Income For Farmers,https://www.instagram.com/bi4farmers/
abqciqlovia,ABQ CiQlov√≠a,https://instagram.com/abqciqlovia
first-collective-614,FIRST Collective,https://www.instagram.com/firstcollective614/?hl=en
cowley-climate-collective,Cowley Climate Collective,https://www.instagram.com/cowleycollect/
the_y_berlin,the Y Berlin @ MOOS,https://www.instagram.com/the_y_berlin
libraryeconomynyc,Library Economy NYC,https://instagram.com/libraryeconomy
generation-earth-portugal,Generation Earth Portugal,https://www.instagram.com/generationearthpt/
sarbat-sikh-lgbt,Sarbat Sikh LGBT,https://www.instagram.com/sarbatlgbtsikh/
frazier-mtn-pride-org,Frazier Mtn Pride,https://www.instagram.com/fraziermtnpride
rot-collective,ROT Collective (fka The Rights Collective),https://www.instagram.com/rot__collective/
vatsimspain,VATSIM Spain,https://www.instagram.com/vatsimspain/
b-local-texas,B Local Texas,https://www.instagram.com/blocaltexas/
students-for-future-freiburg,Students for Future Freiburg,https://www.instagram.com/studentsforfuturefreiburg/
veganarchy,Veganarchy,https://www.instagram.com/veganarchy.be/
workshop-and-riset-informatika,Workshop & Riset Informatika,https://www.instagram.com/wri_polinema/
ypc-community-fund,YPC Community Fund,https://www.instagram.com/youthpowercoalition
earth-social-conference,Earth Social Conference,https://www.instagram.com/earthsocialconference/
nobo-house,Nobo Wellness,https://instagram.com/nobohouse
whitstable-foodies-market,Whitstable Umbrella Community Centre,https://www.instagram.com/whitstablefoodiesmarket/
ukraine-war-archive,Ukraine War Archive,https://www.instagram.com/ukrainewararchive/
gnv-liberation-collective,Liberation Collective,https://www.instagram.com/liberation___collective/
otherwisemag,OtherwiseMag,https://www.instagram.com/otherwisemagz/
fridays-for-future-heidelberg,Fridays for Future Heidelberg,https://www.instagram.com/fridaysforfuture_heidelberg/?utm_source=ig_web_button_share_sheet&igshid=OGQ5ZDc2ODk2ZA==
xr-hautes-alpes,XR Hautes-Alpes,https://xr_hautesalpes/
kettenreaktion-osnabruck,Kettenreaktion Osnabr√ºck,https://www.instagram.com/kettenreaktion_os/
donderberg-sauvage,Donderberg Sauvage,https://donderbergsauvage.be/
mvma-transfer-resort,MvMA by Wiedjai Dihal & Lenn Cox,https://www.instagram.com/lenncox/
deburgers,deBurgers van Grobbendonk en Bouwel,https://www.instagram.com/de_burgers/
slow-circular-earth-uk,Slow Circular Earth UK,https://www.instagram.com/slowcircularearthuk/
encampment-vub,Encampment VUB,https://www.instagram.com/encampment_vub/
transcaf-bristol,Transcaf Bristol,https://instagram.com/thecaf.co.uk
york-together,York Together,https://www.instagram.com/york.together/
feedthatkid,Feed that Kid Global,https://www.instagram.com/feed_that_kid_global
initiative-konsumraumgeben,Initiative #KonsumRaumGeben,https://www.instagram.com/konsumraumgeben/
casa-finca-wellness,Casa Finca Wellness,https://www.instagram.com/casafincanyc/
macc_nyc,MACC NYC,https://www.instagram.com/macc_nyc/
balade-sous-marine,Balade sous marine,https://instagram.com/baladesousmarine?igshid=MzNlNGNkZWQ4Mg==
solidarity-economy-association,Solidarity Economy Association,https://www.instagram.com/solidarityeconomyassociation/
uprising-commissary-fund,Uprising Commissary Fund,https://www.instagram.com/mnuprising/
the-open-circle-foundation,The Open Circle Foundation,https://weareopencircle/
campbellarchive,Campbell Archive,https://www.instagram.com/campbell_banners/
when-we-talk-we-heal,When We Talk We Heal,https://instagram.com/whenwetalkweheal?igshid=YmMyMTA2M2Y=
cutteslowe-greenhouse,Cutteslowe Greenhouse,https://www.instagram.com/cutteslowegreenhouse/
bears-place,Bears Place,https://bearsplace/
chicago-punks-with-lunch,Chicago Punks With Lunch,https://www.instagram.com/chicagopunkswithlunch/
femme-defensa,Femme Defensa,https://instagram.com/femmedefensa?igshid=Zjc2ZTc4Nzk=
kula-yoga-abq,Kula Yoga ABQ,https://www.instagram.com/kulayogaabq/
primal-lust-cooperative,Primal Lust Co-Op,https://instagram.com/primallust_coop
nthumods,NTHUMods,https://www.instagram.com/nthumods
communitas,Communitas,https://instagram.com/communitas.hb
ypc-action-fund,YPC Action Fund,https://www.instagram.com/youthpowercoalition
spectrumofcareforhomelessness,Spectrum Of Care For Homelessness,https://www.instagram.com/socfh.ke/
swgn,South West Grain Network,https://www.instagram.com/swgrainnetwork/?hl=en
edjengi,Edjengi The Documentary,http://instagram/bruceparrytribe
unashay-sanctuary,√önashay Sanctuary,https://unashay/
rlc,Red Labor Caucus,https://www.instagram.com/redlaborcaucus/
ehotransition,Eho! Transition,https://www.instagram.com/ehotransition/
follow-the-dragons,Follow The Dragons,https://www.instagram.com/followthedragons_bas/
le-conseil,Le Conseil,https://www.instagram.com/leconseil.orga/profilecard/?igsh=MXNoMTlmemMwamM0eA==
entre-putxs,Entre Putxs,https://www.instagram.com/eputxspr/
people-for-future-umea,People For Future Ume√•,https://www.instagram.com/peopleforfutureumea
wildernessofwaves,Wilderness of Waves,https://www.instagram.com/wildernessofwaves/?hl=en
sustratocommunity,Sustrato (English),https://www.instagram.com/comunidadsustrato/
incredibleedibleleeds,Incredible Edible Leeds,https://www.instagram.com/incredibleedibleleeds
koku-rokotribe,Koku-Roko Learning Co-op,https://instagram.com/koku-roko.tribe
knockouts,Knockouts Project,https://instagram.com/knockout.project
transdonians,Transdonians,https://instagram.com/transdonians
precious-plastic-collective,Precious Plastic Collective,https://www.instagram.com/preciousplasticplymtavi/
elambientalista,El Ambientalista Post,https://instagram.com/elambmex
the-cairo-project,The Cairo Project,https://www.instagram.com/dylankforster?igsh=NTc4MTIwNjQ2YQ==
nola-healthcare-workers-4-pale,NOLA Healthcare Workers 4 Palestine,https://www.instagram.com/hcw4palestine/
babycastles,Babycastles,https://instagram.com/babycastles
akuruxyz,akuru.xyz,https://www.instagram.com/akurucollective
10-cartwheels,10 Cartwheels,https://www.instagram.com/10cartwheels/
fffbz,Fridays For Future South Tyrol,https://fridaysforfuture.bz/
sewingforjustice,Sewing for Justice,https://www.instagram/sewingforjustice
reia,Reia,https://instagram.com/playreia
queerqueens,QueerQueens,https://www.instagram.com/queerqueens.co
smiling-healing-yoga,Smiling Healing Yoga,https://instagram.com/yogawithmarci
loveandfury,Love and Fury,https://loveandfuryinfoshop/
la-flamme-cycling-team-bcf,La Flamme Cycling Team (BCF),https://laflammecyclingteam/
freebasssssss,freebass,https://www.instagram.com/freebasssssss/
the-innovators-league,The Innovators' League,https://theinnovatorsleague/
board-gaymes,Board Gaymes,https://www.instagram.com/boardgaymesliverpool/
minipt,miniPT,https://www.instagram.com/miniptofficial/
propsi-org,Programa | PsiOrg,https://www.instagram.com/pro.psiorg/
energia-bonita,Energ√≠a Bonita,https://www.instagram.com/Energiabonitacoop/
maanta-theatre,Maanta Theatre,https://www.instagram.com/maanta.theatre?igsh=bjB1M3puZTNwcngw
minnesota-sra,Minnesota SRA,https://www.instagram.com/sra_minnesota/
fitness-sci-tec,Fitness Sci Tec,https://www.instagram.com/fitnessscitec/
spacemakers-bristol,Spacemakers Bristol,https://instagram.com/spacemakersbristol?utm_source=qr&igshid=MzNlNGNkZWQ4Mg==
north-east-spicy-coffee-collec,North East Spicy Coffee Collective,https://instagram.com/NESpicyCC
esa-ne,OLD ACCOUNT: East and Southeast Asians North East (ESA.NE),https://www.instagram.com/esa.ne_/
barter-up-901,Barter Up 901,https://instagram.com/barterup901
bros-nz,BROS NZ,https://instagram.com/bros.nz
green-silk-road,Green Silk Road,https://www.instagram.com/thegreensilkroad
hamakualoa-herbco,"Hamakualoa Herb Co | Community Herbalism on Maui, Hawaii",https://www.instagram.com/caitlin.duquette
trans-pride-cardiff,Trans Pride Cardiff,https://www.instagram.com/cdftranspride/
lovejam-glasgow,LoveJam Glasgow,https://www.instagram.com/lovejamglasgow
aqil-remembrance,Aqil Remembrance,https://www.instagram.com/aqilremembrance/?igsh=ZHJhZWhxcjJoNDNw
papillon,Papillon,https://www.instagram.com/thepapillonapp
boise-street-medics,Boise Street Medics,https://www.instagram.com/boisestreetmedx/
iniradarorg,Iniradar.org,https://www.instagram.com/iniradarini/
azeitaoecoconsciente,Azeit√£o Eco-consciente,https://www.instagram.com/azeitaoecoconsciente/
opensandiego,Open San Diego,https://www.instagram.com/opensandiego/?hl=en
north-iowa-mutual-aid,North Iowa Mutual Aid,https://instagram.com/NorthIowaMutualAid
youth-biodiversity-collective,Youth Biodiversity Collective,https://www.instagram.com/youthbiodiversitycollective
horizon_sim,Horizon Simulations,https://www.instagram.com/horizon_sim/
mutualaidaustralia,Mutual Aid Australia,https://instagram.com/mutualaid_au
ijzerblock,IJzerblock,https://www.instagram.com/ijzerblok.rotterdam/
libereaders,Libereaders,https://instagram.com/liberaders
asd-dads,ASD Dads,https://www.instagram.com/asd_dadsnz/
filmshare-edinburgh,Edinburgh Film Equipment Share,https://www.instagram.com/the_filmcult/
ama-earth,Ama Earth,https://www.instagram.com/amaearthgroup/
hand-in-hand,Hand in Hand,https://www.instagram.com/wirsinddiebrandmauer/
tipos-de-coimbra,Tipos de Coimbra,https://www.instagram.com/letrasdecoimbra/
white-kite-collective,White Kite Collective,https://www.instagram.com/whitekitecollective
massmutualaid,MASS Mutual Aid,https://instagram.com/massmutualaid
no-jail-deaths,No Jail Deaths,https://www.instagram.com/nojaildeaths/
ommc,OneMind Mycological Collective,https://instagram.com/onemindmedicinals
free-fares-campaign,Free Fares Campaign,https://www.instagram.com/freefares.nz/
gbgaysntheys,Great Barrington Gays & Theys,https://www.instagram.com/gbgaysntheys
wandering-emotions-cic,Wandering Emotions,https://www.instagram.com/wanderingemotionsuk
dataactivists,Data Activists,https://www.instagram.com/dataactivists/
rabharta,Rabharta,https://instagram.com/rabhartaparty
enraizarte,Encuentro Enraizarte,https://www.instagram.com/encuentroenraizarte/
foundersrc,Founders Running Club,https://www.instagram.com/foundersrc/
endeavour,Endeavour,https://www.instagram.com/ourendeavourcic?igsh=b2ppdWhxdW9obWJs&utm_source=qr
evoinos-heritage,Evoinos Heritage,https://instagram.com/evoinos
dyrectorio-platform,dyrector.io platform,https://www.instagram.com/dyrectorio/
gdg-montreal,GDG Montreal,https://www.instagram.com/gdgmtl?igsh=dTZvc3lnNnBpNWdu
art-of-the-bay-collective,Art of the Bay Collective,https://www.instagram.com/artofthebayshow/
ask-the-task-team,Ask the TASK Team,https://www.instagram.com/askthetask
refugee-connection,Refugee Connection,https://www.instagram.com/therealkimfoster
flax-project,Flax Project,https://www.instagram.com/flax_project/
gaucheanticapitaliste,Gauche anticapitaliste,https://www.instagram.com/gaucheanticapitaliste/
sabf,SABF,https://www.instagram.com/sabfofficial/
york-migrant-solidarity,York Migrant Solidarity,https://www.instagram.com/yorkmigrantsolidarity/
startups-for-all,Startups for All,https://instagram/startupsforall
slowmusic,slowmusic,https://www.instagram.com/elektrik_in_der_luft/
ruas-vivas,Ruas Vivas,https://instagram.com/ruas_vivas
elambmex,EL AMBIENTALISTA,https://instagram.com/elambmex
voedselparkamsterdam,Stichting Voedselpark Amsterdam,https://www.instagram.com/voedselpark_amsterdam/
rocketcitymedics,Rocket City Medic Collective,https://www.instagram.com/rocketcitymedics/
superbloom-fundoss,Superbloom FUNDOSS,https://www.instagram.com/sprblm_/
triad-sra,Triad NC SRA,https://www.instagram.com/triadncsra/
captain-support,Captain Support UK,https://www.instagram.com/captainsupportuk/
catmuseumnyc,The Cat Museum of New York City,https://www.instagram.com/catmuseumnyc
jessicajones1243,jessicajones1243,https://www.instagram.com/marvelsjessicajones/
xhmf,Xheladin and Xhufe Morina foundation,https://www.instagram.com/xhmfoundation/
christinacurl,Christina Curlete,https://www.instagram.com/christinacurls_hair/
oxford-cv,Oxford CV - Professional CV Writing Service,https://www.instagram.com/oxfordcv1/
accionario,Accionar.io,https://instagram.com/accionar.io
extinctionrebellionudine,XR Udine,https://xrudine/
npsscr,Nuclear & Plasma Sciences Society Costa Rica,https://www.instagram.com/npss_tec/
adoptame,Adoptame,https://www.instagram.com/adoptame.co/
gosolat,goSolat,https://instagram.com/gosolat
ts-en-rebeldia,TS en rebeldia,https://ts_en_rebeldia/
rebelion-cientifica-bolivia,Rebeli√≥n Cient√≠fica Bolivia,https://www.instagram.com/xrbolivia/
leinemaschbleibt,Leinemasch BLEIBT,https://www.instagram.com/leinemaschbleibt
hip-hop-neva-die,Hip Hop Neva Die,https://www.instagram.com/hiphop_nevadie?igsh=MTJkdzR0eTZ3eW91
org013,Guz's Collective,https://www.instagram.com/guz013_/
lucidgrdn,lucidgrdn,https://instagram.com/lucidgrdn?igshid=OGQ5ZDc2ODk2ZA%3D%3D&utm_source=qr
stand-upright,Stand Upright,https://www.instagram.com/kewlclothes
motherbase,MOTHERBASE‚Ñ¢,https://www.instagram.com/motherbase.us
jasonstaton,Jason Staton,https://www.instagram.com/explore/tags/jasonstatham
dyke-soccer-la-west,Dyke Soccer LA - West,https://dykesoccerla/
apoyo-en-crisis,Apoyo en Crisis,https://www.instagram.com/apoyoencrisis/
anserve,Anserve Inc.,https://www.instagram.com/anserveinc/
scs,Sardegna Chiama Sardegna,https://www.instagram.com/sardegnachiamasardegna/
radical-in-progress,Radical in Progress,https://www.instagram.com/radicalinprogress/
fridaysforfuture-br,Fridays for Future Brasil,https://instagram.com/fridaysforfuturebrasil
shahriyar,ShahriyarSharafi,https://www.instagram.com/shahriyarsharafi/
dstv-installations-brighton-be,DSTV Installations Brighton-Beach,https://www.instagram.com/dstvtechniciansa
goalr,"Goalr - Ride, Run, Walk & Earn",https://www.instagram.com/mygoalr/
resnfoodproject,RESNFOODProject,https://instagram.com/resnfoodproject/
not-here-to-be-liked,Not here to be liked,https://www.instagram.com/notheretobeliked/
katherine-moehn123,Katherine Moehn123,https://www.instagram.com/kathrine_moen/
refugi-arcadia,Refugi Arcadia,https://www.instagram.com/arcadia_refugi?igsh=Z3Nqd2M1YzVjbWNo
axe-api,Axe Api,https://www.instagram.com/axeapiframework
persibbandung,Persib Bandung,https://www.instagram.com/persib
music-declares-emergency-can,Music Declares Emergency Canada,https://www.instagram.com/musicdeclares_canada/
kevinbirmingham1,kevinbirmingham1,https://www.instagram.com/missedtheshot/
michaelsandarchives,Michael Sand Archives,https://www.instagram.com/msandarchives
billie-jennings12,BillieJennings12,https://www.instagram.com/billiejennings_/
212th,212th,https://www.instagram.com/212thtomundtaha/
robert123,Robert123,https://www.instagram.com/robertdowneyjr/
joyce-frock12,Joyce Frock,https://www.instagram.com/joyce.f.designs/
dmdm,Distributed Medical Device Manufacturing (DMDM),https://www.instagram.com/dmdmmutualaid/
earthtopia,Earthtopia,https://www.instagram.com/earthtopia.art/
avldmc,Dandelion Medic Collective,https://instagram.com/dandelionmediccollective
johnson123,Johnson123,https://www.instagram.com/whitehammer19/
douglasawilliams,Douglas A Williams,https://www.instagram.com/dooglaaswilliams/
community-chevra,Community Chevra,https://instagram.com/communitychevra
eegai,EEGAI,https://instagram.com/eegaisrilanka
biohacking-co-mmunity,Biohacking Community,https://instagram.com/biohackingintl
flame2fame_music,Flame2Fame music,https://instagram.com/flame2fame_music
glasgow-palestine-movement-ass,Glasgow Palestine Movement Assembly,https://www.instagram.com/glasgowpalestineassembly
youth-advantage-uk,Youth Advantage UK,https://www.instagram.com/youthadvantage_uk/
escarpin,Escarpin,https://www.instagram.com/escarpin.se
matthew-boulden12,Matthew Boulden12,https://www.instagram.com/matthewboulden/
jamescsudbury,James C Sudbury,https://www.instagram.com/jessejames4249/
fff-bielefeld,Fridays for Future Bielefeld,https://instagram.com/fridaysforfuture.bielefeld?igshid=ZDdkNTZiNTM=
healing-our-healers,Healing Our Healers,https://www.instagram.com/healingourhealrs/
ava-mariejames1,AVA MARIEJAMES,https://www.instagram.com/eva.marie.james/?hl=af
welsh-ballroom-community,Welsh Ballroom Community,https://www.instagram.com/welshballroomcommunity
drawingpeople-together,Drawing People Together,https://www.instagram.com/drawing.people.together/
nisitiri-fondation,Nisitiri Fondation,https://www.instagram.com/nisitirifoundation
jebheazadimeli-jam,Jebheazadimeli jam,https://www.instagram.com/jebheazadimeli.j.a.m?igsh=dTFtZXRybGMwcjE4
happyhackingspace,Happy Hacking Space,https://www.instagram.com/happyhackingspace
rtgdfgdftdtdrer123,ygghhgh12312,https://www.instagram.com/yommyofficial/
serp,SERP,https://www.instagram.com/serpcompany/
diaspora-futures,Diaspora Futures,https://www.instagram.com/diaspora_futures/
tottenhamcopwatch,Tottenham Copwatch,https://www.instagram.com/tottenhamcopwatch/
step-to-egypt-2,Step to Egypt,https://www.instagram.com/steptoegypt/
azamjalili,Azam Jalili,https://www.instagram.com/azam.jalili4/
conasauga-mutual-aid,Conasauga Mutual Aid,https://www.instagram.com/conasaugamutualaid/
adelynrusso32432,AdelynRusso13123,https://www.instagram.com/adelynceleste/
quartiere-lourdes,Quartiere Lourdes,https://www.instagram.com/piazzale_lourdes?igsh=ZjRtOTFwNXl4M2E=
lighthousedr,Lighthouse Projects,https://www.instagram.com/lighthousedr7
ncl4palestine,Newcastle Coalition for Palestine,https://www.instagram.com/ncl4palestine
hannahdonahue,Hannah Donahue,https://instagram.com/hhdonahue
sketchboard-co,Sketchboard Co | Figure Drawing,https://www.instagram.com/sketchboard.co
timothygarbelman1,timothy garbelman1,https://www.instagram.com/deerdowngear/
chaka-somos-puente,Chaka Somos Puente,https://www.instagram.com/chaka.somospuente/
friendship,Friendship Bracelets for Charity,https://instagram.com/junograce
pay-it-forward,Pay It Forward,https://www.instagram.com/payitforwardtx?igsh=azI1ZnhzZmd4cDc2
jamescaggy132,JamesCaggy,https://www.instagram.com/jcaggy/
projectelric,Project Elric,https://www.instagram.com/projectelric/
originefood,Originefood,https://www.instagram.com/origineph/
termokiss,Termokiss,https://www.instagram.com/termokiss/
cadizxr,C√°dizXR,https://www.instagram.com/xrcadiz/
empoderemonos,Empoder√©monos,https://https//:instagran.com/empoderemonos
fbcwma,Feminist Bird Club of Western MA,https://www.instagram.com/antiracist.avid.birders
fantastic5s,Fantastic 5's,https://instagram.com/fantastic5scom
perturabic,Perturabic,https://instagram.com/perturabic?igshid=YmMyMTA2M2Y=
samathacrawford,Samatha Crawford,https://www.instagram.com/samanthacrawfordtv/
match,RELIEF FUND,https://instagram.com/bi_switch?igshid=YmMyMTA2M2Y=
the-conspiracy,The Conspiracy,https://instagram.com/nicocasanova/
timgabeln,Tim G Abeln,https://www.instagram.com/tim_gabel/?hl=vi
perpustakaan-pelajar,Perpustakaan Pelajar,https://instagram.com/perpustakaan.pelajar
qianglai,Qiang Lai,https://www.instagram.com/shreyasganagi/
save-the-west-seneca-town-pool,Save the West Seneca Town Pool,https://www.instagram.com/savewstownpool/
essieveasley1,EssieVeasley,https://www.instagram.com/beasley1956/?hl=en
brynnelson,Bryn Nelson,https://www.instagram.com/brynster19/
sayeed-hands-foundation,Sayeed Hands Foundation,https://www.instagram.com/sayeedhandsfoundation/
startup-founders-club,Startup Founders Club,https://www.instagram.com/startupfounders.club/
goldwingautocare,Ottawa Wheel Hardware,https://www.instagram.com/goldwingautocare/
wendy-k-pedigo12,Wendy K Pedigo12,https://www.instagram.com/todayis_wendy/?hl=vi
daddiesvoices,Daddies Voices,https://www.instagram.com/daddies_voices/
new-england-hong-kong-festival,New England Hong Kong Festival,https://www.instagram.com/newenglandhkfest/
zschool_,Zschool,https://www.instagram.com/zschool.co/
matsudogrant12,MatsudoGrant12,https://www.instagram.com/umtdogru_/
in-grid,In-Grid,https://www.instagram.com/in_grid___/
kosnytimber,Kosny Timber,https://www.instagram.com/kosnytimber/
freefood,Food Not Bombs Solidarity,https://www.instagram.com/fnbsolidarity/
healthyalternative,Etobicoke Best Prepared Meal,https://www.instagram.com/healthyalternativeto/
lgbtlittlefreelibrary,LGBTQIA+ Little Free Library,https://www.instagram.com/lgbtlittlefreelibrary/
catherine-mckay-realtor,"Catherine Mckay, Realtor ¬Æ",https://www.instagram.com/catherinemckaywhistlerrealtor/
mutualaidforme,Mutual Aid For ME,https://instagram.com/mutualaidforme?igshid=NGExMmI2YTkyZg==
vinod-jayendra12,VinodJayendra12,https://www.instagram.com/p/CXBCiqnIt6M/
migrantifa-mainz,Migrantifa Mainz,https://www.instagram.com/migrantifa_mainz/
aicaw-ac-huichol-health-home,AICAW A.C. Huichol Health Home,https://www.instagram.com/aicaw_ac/?hl=en
martinmoke,Martin Moke,https://www.instagram.com/p/ConGk6Mro1S/
wendyvkirby,WendyVKirby,https://www.instagram.com/wkirby108/
hey-baby-enfield,Hey Baby 4D Enfield,https://www.instagram.com/heybaby4denfield/
floyd-w-hoke1,Floyd W Hoke,https://www.instagram.com/floydmayweather/?hl=en
smitara,Smitara Foundation,https://instagram.com/smitara.foundation
angelaheyboer,AngelaHeyboer12,https://www.instagram.com/angelayee/
avomausis,Avo M√§use,https://www.instagram.com/schauspielhfmt2025/
rekobyn,R:ekobyn i R√∂st√•nga,https://instagram.com/rekobyn
aso-colonies-felines-eivissa,Asociaci√≥ de Colonies Felines d‚ÄôEivissa,https://www.instagram.com/coloniesfelineseivissa
platoniq-creativity-democracy,Platoniq - Creativity & Democracy,https://www.instagram.com/platoniqfoundation/
dazon-worthey12,Dazon Worthey12,https://www.instagram.com/nickdizon/
puissance-feministe,Puissance F√©ministe,https://www.instagram.com/puissancefeministe/
remakeproject,The Remake Project,https://www.instagram.com/the.remake.project/
meritschools,Merit School Learning Center at The Glen,https://www.instagram.com/themeritschool/
poiaresaclimatica,Poiares A√ß√£o Clim√°tica,http://instagram.com/poiaresaclimatica
ase-dua-maryland-seo-firm,As√© Dua - Maryland SEO Firm,https://www.instagram.com/AseDuaSeo
third-sisters,Third Sisters,https://www.instagram.com/thirdsisters/
mia-evans-presents,Mia Evans Presents,https://www.instagram.com/ahgeewiz/
kolektyw-bombelki,Kolektyw Bombelki,https://instagram.com/bombelki_kolektyw/
shaolinmuseum,SHAOLIN Hip Hop Museum & Cultural Mall,https://www.instagram.com/ivhumanity
chronic-pain-coaching-cic,Chronic Pain Coaching CIC,https://www.instagram.com/the.chronicpaincoach/
vaniumea,V√§n i Ume√•,https://www.instagram.com/vaniumea/
conucocolectiva,Conucocolectiva,https://www.instagram.com/conuco_leipzig/
vonreyes,von reyes,https://instagram.com/vonreyes
erkingoren,Erkin G√∂ren,https://instagam.com/erkin.goren/
jasonstaton1,Jason Staton,https://www.instagram.com/explore/tags/jasonstatham/
dancehall-leipzig,Dancehall Leipzig,https://instagram.com/watchmistep
alex-mcginnis12,AlexMcginnis12,https://www.instagram.com/alexmcginnis7/
amap-porto,AMAP Porto,https://www.instagram.com/amap.pt/
yemaya-surf-rd,Yemaya Surf RD,https://www.instagram.com/yemayasurf/
the-artship,The Artship Aotearoa,https://www.instagram.com/theartshipcrew
ponterra,Ponterra,https://www.instagram.com/ponterra.eco/
opencivics,OpenCivics,https://instagram.com/opencivics
landllaw,L and L Law Group,https://www.instagram.com/lllawgroup/
yespleasebooks,yes please: a bookhouse and carespace,https://www.instagram.com/yespleasebooks?igsh=OTd4ZjIwMnV0a2l4&utm_source=qr
nottmnourishmentnetwork,Nottingham Nourishment Network CIC,https://www.instagram.com/nottmnourishmentnetwork
kellylstarkey123,KellyLStarkey123,https://www.instagram.com/kelly_starkey/
tyrone12,TYRONE12,https://www.instagram.com/tyrone/
coolearth,Solar Geoengineering Deployment and Research Fund,https://instagram.com/makesunsets.com
norwichsolidaritymovement,norwichsolidaritymovement,https://www.instagram.com/norwichsolidaritymovement/
dynatrisoft,DynatriSoft Games,https://instagram.com/dynatrisoft
the-gumprecht-law-firm,The Gumprecht Law Firm,https://www.instagram.com/galawfirm/
the-hague-union-of-students,The Hague Union of Students,https://www.instagram.com/thehagueunionofstudents/?hl=en
inspirationalpeople,Inspirational People,https://www.instagram.com/ip_new
twitter-bio,Ajay Dhangar,https://www.instagram.com/aj.edu.in/
bubbie_pdx,Call Bubbie,https://instagram.com/bubbie_pdx
shiner-law-group-west-palm-bea,Shiner Law Group - West Palm Beach,https://instagram.com/shinerlawgroup/
carehomeland,CareHomeLand,https://www.instagram.com/carehomeland/
sergefelix-vanga1233,Sergefelix Vanga1233,https://www.instagram.com/vanga36/
solarpunk-surf-club,Solarpunk Surf Club,https://www.instagram.com/solarpunksurfclub/
asko-ryoko-dance,ASK√ñ Ryoko Dance,https://www.instagram.com/ryokodance/
greendotclimate,Green Dot Climate,https://instagram.com/greendot.climate
xr-pink-medics,XR Pink Medics,https://www.instagram.com/pink_medics
extinction-rebellion-hungary,Extinction Rebellion Hungary,https://www.instagram.com/extinctionrebellion_hungary
catherine-123,Catherine 123,https://www.instagram.com/loovebug_96/
the-agency-of-visible-women,The Agency of Visible Women,https://www.instagram.com/the_agency_of_visible_women/
wm-ip-holdings,WM IP Holdings,https://instagram.com/jetworknyc?igshid=MzMyNGUyNmU2YQ%3D%3D&utm_source=qr
takeletadele12,TakeleTadele12,https://www.instagram.com/takeliasjackson/
poolboy00,poolboy00,https://ss__a____m/
global-majority-copwatch,Global Majority Copwatch,https://www.instagram.com/globalmajoritycopwatchuk?igsh=ZHpsbnhyeDY0MDR6
distroparty,Distro Party Chicago,https://www.instagram.com/distro.party/?hl=en
valconia,Valconia: Nature Restoration Project,https://instagram.com/valconia_workspaces
nento,Nento,https://www.instagram.com/nentocorp/
covid-safe-colorado,Covid Safe Colorado,https://www.instagram.com/covidsafecolorado
black-nationalists-of-new-afri,Black Nationalists of New Afrika,https://www.instagram.com/nationalistsofnewafrika/
astylab,Astylab,https://www.instagram.com/astylabgr/
mutual-aid-dawning,Mutual Aid Dawning,https://www.instagram.com/mutualaiddupage/
eui-researchers-union,EUI Researchers' Union,https://www.instagram.com/euiresearchersunion/
esmeraldadelaoliva,Esmeralda De La Oliva,https://www.instagram.com/ruby_esmeralda15/
xinnix,XINNIX,https://instagram.com/xinn1x
awkits-digital,Awkits Digital Agency,https://www.instagram.com/awkits.digital/?igshid=NTc4MTIwNjQ2YQ%3D%3D
picnic-against-hate,Picnic Against Hate,https://www.instagram.com/picnicagainsthate/
fed-up-denver,Fed Up Denver,https://www.instagram.com/fedupdenver/
wishaway,wishawaynightmare,https://www.instagram.com/wishawaynightmareee/
phoenix-culture,Phoenix Culture,https://www.instagram.com/phoenix.culture
beitakae,Beitak,https://www.instagram.com/beitak.ae/
colectivx-raices-negrxs,Colectivx Ra√≠ces Negras,https://instagram.com/colectivxraicesnegras?igshid=OGQ5ZDc2ODk2ZA==
vivre-au-canadatv,Vivre Au Canada.tv,https://instagram.com/vivreaucanada
ztfg_offiziell,ZTFG,https://www.instagram.com/ztfg_offiziell/
jeremyewilliams123,JeremyEWilliams123,https://www.instagram.com/jrello1x/
pigeonposse,PigeonPosse Collective,https://www.instagram.com/pigeon.posse/
sdr,Shut Down Rafael Ncl,https://www.instagram.com/shut_down_rafael_newcastle?igsh=MWluaG95dTdlYngwdw==
jeremymcgrath,Jeremy Mcgrath,https://www.instagram.com/jeremymcgrath/?hl=en
soup4myfamily,Soup4MyFamily,https://www.instagram.com/soup4myfamily/
7th-st-collective,7th St. Collective,https://www.instagram.com/7thstcollective/
wyrdfam,wyrdfam,https://instagram.com/wyrdfam.gratitude
all-black-errrrythang,All Black Errrrythang,https://www.instagram.com/allblackerrrrythang/
sarahturner1,SarahTurner1,https://www.instagram.com/simplysarahturner/
nyx-edc,nyx-edc,https://nyx-edc/
dovietdung93,ƒê·ªó Vi·ªát D≈©ng,https://www.instagram.com/dovietdung93/
community-mind-connect-cic,COMMUNITY MIND CONNECT C.I.C.,https://www.instagram.com/communitymindconnect/
prompt-edify,Prompt Edify,https://instagram.com/career_promptedify?igshid=YmMyMTA2M2Y=
adamweitzenkorn123,AdamWeitzenkorn,https://www.instagram.com/adamweitsman/reels/
wds-atx,WDS ATX,https://www.instagram.com/wds_atx/
openjourney,Openjourney,https://instagram.com/openjourneybot
fronttech,Front Tech collective,https://www.instagram.com/fronttech_ti/
hammondcommunitygarden,Hammond Community Garden,https://instagram.com/hammondcommunitygarden
grayl,Grayl,https://instagram.com/cheklalei
activistasxsl,Mujeres Activistas por el Software Libre,https://instagram.com/activistassl
epdp,Estudantes do Porto em Defesa da Palestina,https://www.instagram.com/emdefesadapalestina.up
bushwick-ayuda-mutua,Bushwick Ayuda Mutua,https://www.instagram.com/bushwickayudamutua/
ward-2-mutual-aid,Ward 2 Mutual Aid,https://www.instagram.com/ward2mutualaid/
swma_nyc,Sunnyside & Woodside Mutual Aid,https://www.instagram.com/swma.nyc/
street-forum,Street Forum,https://www.instagram.com/streetforumatx/
scientist-rebellion,Scientist Rebellion,https://www.instagram.com/scientistrebellion/
letztegenerationat,Letzte Generation √ñsterreich,https://instagram.com/letztegenerationat
lairdubois-opencutlist-sketchup-extension,OpenCutList,https://www.instagram.com/opencutlist
handsoffuhuru,Hands Off Uhuru! Hands Off Africa! Defense Campaign,https://instagram.com/handsoffuhuru
companion,Bitfocus Companion,https://www.instagram.com/bitfocusio/
se15-community-fund,SE15 Community Fund,https://instagram.com/se15cf
mutualaidbooks,Mutual Aid Books,https://www.instagram.com/mutualaidbooks/?hl=en
lambethmutualaid,Lambeth Mutual Aid Fund,https://www.instagram.com/lambethmutualaid/
comunidadprimeroorg,COMUNIDAD PRIMERO,https://www.instagram.com/comunidadprimero?igsh=MTg2cmZhc2N5emtuNA==
sanctuarysupplydepot,SanctuarySupplyDepot,https://www.instagram.com/sanctuarysupplydepot/
rumah,Raleigh United Mutual Aid Hub (RUMAH),https://www.instagram.com/raleighunitedmutualaidhub/
rva-community-fridges,RVA Community Fridges,https://www.instagram.com/rvacommunityfridges/
ayumpls,Autonomous Yurt Union,https://www.instagram.com/autonomousyurtunion_mpls
futurovegetal-resistencia,Futuro Vegetal - Caja de Resistencia,https://instagram.com/FuturoVegetal
plsn_nyc,Prison Library Support Network,https://www.instagram.com/plsn_nyc/
meshtastic,Meshtastic,https://www.instagram.com/themeshtastic/
workers-for-a-free-palestine,Workers for a Free Palestine,https://www.instagram.com/workers4pal/
hope-fridge,Hope Fridge,https://www.instagram.com/hopefridgefv/
germantown-community-fridge,Germantown Community Fridges,https://www.instagram.com/germantownfridge/
nycms,NYC Migrant Solidarity,https://instagram.com/nycmigrantsolidarity
therhizomehousesolidarityfund,The Rhizome House,https://www.instagram.com/therhizomehouse/
xr-deutschland,Extinction Rebellion (XR) Deutschland,https://www.instagram.com/xrdeutschland
lastreetcare,LA Street Care,https://instagram.com/lastreetcare
omstallningsvanner,Omst√§llningsn√§tverkets v√§nner,https://instagram.com/omstallning
red-hook-bk-mutual-aid,Red Hook Mutual Aid,https://www.instagram.com/redhookmutualaid/
littlepetalalliance,Little Petal Alliance,https://www.instagram.com/littlepetalalliance
scientifiques-en-rebellion,Scientifiques en r√©bellion,https://www.instagram.com/scientifiques_en_rebellion/
rockymountainmutualaid,Rocky Mountain Mutual Aid Network (RMMAN),https://www.instagram.com/rmmutualaid/
the-emergence-network,ten (The Emergence Network),https://instagram.com/the_emergence_network/
ssftx,Sue√±os Sin Fronteras,https://instagram.com/suenossinfronterastx
the-supply-hive,The Supply Hive,https://www.instagram.com/thesupplyhive/
rvafnb,"Richmond, VA Food Not Bombs",https://www.instagram.com/richmondfoodnotbombs/
see-you-collective,The See You Collective,https://www.instagram.com/theseeyoucollective
ccc33chicago,Community Care Collective - 33rd Ward,https://www.instagram.com/ccc33chicago/
thexylom,The Xylom,https://instagram.com/thexylom
climaximopt,Clim√°ximo,https://www.instagram.com/climaximopt/
solunderground,Sol Underground,https://instagram.com/solunderground
redistro,Redistro,https://www.instagram.com/pvcurb/
piratpartiet,Piratpartiet,https://www.instagram.com/piratpartietofficial/
wethepeoplenyc,We The People NYC,https://www.instagram.com/wethepeople_nyc/
rain-or-shine-diaper-fund,Rain or Shine Diaper Fund & Distro,https://www.instagram.com/rainorshine_diaperfund
culture-ric,Culture-RIC,https://www.instagram.com/culture_ric
favor,FAVOR - Food Access Volunteers Of Roslindale,https://www.instagram.com/favor_boston/
the-peoples-fridge,The People's Fridge,https://instagram.com/thefridgeon52nd
ovenmediaengine,OvenMediaEngine & OvenPlayer,https://www.instagram.com/airensoft
mybrainmychoice,My Brain My Choice Initiative,https://instagram.com/mybrainmychoice_mbmc
space-city-ao,Space City AO,https://instagram.com/spacecityao/
organicmaps,Organic Maps,https://www.instagram.com/organicmaps.app/
codenplay,CodeNPlay,https://www.instagram.com/codenplaybe/
dont-forget-the-streets,Don't Forget the Streets,https://www.instagram.com/dontforgetthestreets/
apmutualaid,Albany Park Mutual Aid,https://www.instagram.com/albanyparkmutualaid
cprcle,Cleveland Pandemic Response,https://www.instagram.com/cprcle/
naarpr,National Alliance Against Racist & Political Repression,https://www.instagram.com/NationalAARPR/
kefc,Kingston Emergency Food Collaborative,https://www.instagram.com/kingstonemergencyfood/
teahuahu,NgƒÅ Hap≈´ o Te Ahuahu,https://instagram.com/ngahapuoteahuahu
cooperation-milwaukee,Cooperation Milwaukee,https://www.instagram.com/cooperation_mke_collective/
1999collective,1999 Collective,https://www.instagram.com/1999collectiveut/
behind-enemy-lines,Behind Enemy Lines,https://www.instagram.com/anti_imperialist_resistance/
fff_muc,Fridays for Future M√ºnchen,https://www.instagram.com/fridaysforfuturemuenchen/
sequoia-fabrica,Sequoia Fabrica,https://instagram.com/sequoia.fabrica/
brooklyn-transcore,Brooklyn Transcore,https://www.instagram.com/brooklyntranscore/
savemayday,Mayday Space,https://www.instagram.com/maydayspace/?hl=en
scientist-rebellion-germany,Scientist Rebellion - Germany,https://www.instagram.com/scientistrebellion_ger
weberfridge,Weber Fridge,https://www.instagram.com/weberfridge/
downhamsolidarity,Downham Solidarity Fund,https://www.instagram.com/downhamsolidarity
memphis4rs,Memphis 4 Revolutionary Socialism,https://instagram.com/memphis4rs
project-safe-philly,Project SAFE Philly,https://www.instagram.com/safephila/
endora,Endora,https://www.instagram.com/endoradata/
nebula,Nebula,https://instagram.com/nebulamutualaid/
lancaster-and-morecambe-makers,Lancaster and Morecambe Makers,https://instagram.com/lammspace
animalrebellionitalia,Ribellione Animale,https://instagram.com/ribellione.animale
intimate-access-sw-mutual-aid,ùêºùìÉùìâùíæùìÇùí∂ùìâùëí ùíúùí∏ùí∏ùëíùìàùìà,https://www.instagram.com/iacollectivex/
omstallning,Omst√§llningsn√§tverket,https://instagram.com/omstallning
theblackhouse,The Blackhouse,https://www.instagram.com/theblackhousenz/
bqfp,Brighton Queers for Palestine,https://www.instagram.com/brightonqueers4palestine/
resilience-web,Resilience Web,http://instagram.com/resilienceweb
sun-seeker-mke,Sun-Seeker MKE,https://www.instagram.com/
technovationmx,Technovation Girls M√©xico,https://www.instagram.com/technovationgirlsmexico/
aashnaplus,Aashna+,https://www.instagram.com/aashna_uk/
vermont-village-school,Vermont Village School,https://www.instagram.com/interdependenteducation/
awethu,The AWETHU School of Organising,https://www.instagram.com/awethu
orca_4_el,ORCA,https://www.instagram.com/orca_4_el/
klima-camp-south-tyrol,Klima-Camp South Tyrol,https://instagram.com/klimacampaltoadige?igshid=MzRlODBiNWFlZA==
tiny-minotaur,Tiny Minotaur,https://www.instagram.com/thetinyminotaur/
pasquines,Pasquines,https://instagram.com/pasquines.us
bim-bom-studios,bim bom studios,https://www.instagram.com/bimbom.studios/?hl=en
evelynssafehouse,Fund Evelyn's Safehouse,https://www.instagram.com/marimari.film/
streetlives,Streetlives,https://www.instagram.com/yourpeer.nyc
xrnantes,Extinction Rebellion Nantes,https://instagram.com/xrnantes/
san-antonio-review,San Antonio Review,https://www.instagram.com/sareviewjournal/
solrmutualaid,Students Organizing for Labor Rights: Mutual Aid,https://www.instagram.com/solr_nu/
asociacion-para-la-investigacion-capacitacion-y-asistencia-wixarica,"Asociaci√≥n para la investigaci√≥n, capacitaci√≥n y asistencia Wixarica",https://www.instagram.com/aicaw_ac/
peoples-community-land-trust,The People's Community Land Trust,https://www.instagram.com/guildcommunity/
art-workers-for-palestine-scot,Art Workers for Palestine Scotland,https://www.instagram.com/artworkersforpalestinescotland/?hl=en
utu-a-matimati,Utu ƒÄ Matimati,https://utu_a_matimati/
animal_rebellion_germany,Animal Rebellion Deutschland,https://www.instagram.com/animalrebelliondeutschland/
precious-plastic,Precious Plastic,https://www.instagram.com/realpreciousplastic/
schrodinger-hat,Schr√∂dinger Hat,https://www.instagram.com/schrodinger_hat/
hala,halaŸà,https://instagram.com/hala_aotearoa?igshid=MmIzYWVlNDQ5Yg==
energy-embargo,Energy Embargo for Palestine,https://www.instagram.com/energyembargoforpalestine/?img_index=1
thefridgegb,The Fridge,https://instagram.com/thefridge.gb
tending-the-garden,Tending The Garden Inc,https://www.instagram.com/tendingthegarden.4.sas/
uantwerpforpalestine,UAntwerpforpalestine,https://www.instagram.com/uantwerpforpalestine/
seedandspark-patrons-circle,Seed&Spark Patrons' Circle,https://www.instagram.com/seedandspark
auburn-mutual-aid,Auburn Mutual Aid,https://www.instagram.com/auburnmutualaid/
columbus-code-and-coffee,Columbus Code & Coffee,https://www.instagram.com/cbuscodeandcoffee/
rise-and-shine,Rise and Shine,https://www.instagram.com/riseandshinebgky/
black-mothers-march,Black Mothers March,https://instagram.com/blackmothersmarch
claudia-jones-school,The Claudia Jones School for Political Education,https://www.instagram.com/claudiajonesschool/
policyengine,PolicyEngine,https://www.instagram.com/policyengine
phillytru,Philly Transit Riders Union,https://instagram.com/phillytru
todoparatodos,Todo Para Todos,https://www.instagram.com/todoparatodos35/
azulejopublicitario,Azulejo Publicit√°rio Portugu√™s,https://instagram.com/azulejopublicitario
chfgma,Clinton Hill Fort Greene Mutual Aid,https://instagram.com/chfgaid
che,Centre for Human Ecology,https://www.instagram.com/chumanecology/
climate-club,Climate Club Aotearoa,https://www.instagram.com/climateclubnz/
duostories,Duostories,https://www.instagram.com/duostoriesproject/
queer-futures-collective,Queer Futures Collective (The Orfelia Project),https://theorfelia/
queer-campout,Queer Campout,https://www.instagram.com/queercampout?igsh=MTF4bGthd3RyYm41OQ==
able2uk,Able2UK,https://www.instagram.com/able2uk/
insubordination-station,Insubordination Station Harm Reduction,https://instagram.com/insubordination_station_/
codaqui,Codaqui,https://instagram.com/codaqui.dev
bikebike-everywhere,Bike!Bike! Everywhere!,http://instagram.com/bikebikeorg
black-families-love-and-unite,Black Families Love and Unite,https://www.instagram.com/blackfamiliesloveandunite/
gce-lx,Greve Clim√°tica Estudantil Lisboa,https://www.instagram.com/gcelisboa?utm_source=ig_web_button_share_sheet&igsh=ZDNlZDc0MzIxNw==
yoga-para-la-gente,Yoga Para La Gente,https://instagram.com/yogaparalagente
cosmoscoop,Cosmos Co-op,https://www.instagram.com/cosmos.coop/
community-fruit,Community Fruit,https://communityfruit916/
local-food-forests,Local Food Forests,https://www.instagram.com/localfoodforest/
fromehall-mill-cbs-share-offer,Fromehall Mill CBS Share Offer Nov2023,https://www.instagram.com/p/CwC9ffUtANQ
photostrollnyc,NYC Photo Stroll,https://instagram.com/nycphotostroll/
rannamedia,Ranna Media,https://instagram.com/rannamedia
chicago-action-medical,Chicago Action Medical,https://chicago_action_medical/
queerparkourcardiff,Queer Parkour Cardiff,http://instagram.com/queerparkourcardiff
fossil-free-books,Fossil Free Books,https://www.instagram.com/fossilfreebooks/
notioneers,Notioneers.io - all about notes & stuff,https://www.instagram.com/notioneers/
badaso,Badaso,https://instagram.com/uasoft.indonesia
innertransitioncircle,Inner Transition Circle,https://www.instagram.com/inner.transition.circle/
the-seeds-of-pine-hills,The Seeds of Pine Hills,https://www.instagram.com/las_semillas_20/
mapletestimony,MAPLE: The Massachusetts Platform for Legislative Engagement,https://www.instagram.com/mapletestimony/
mhcnorcal,Mount Holyoke Club of Northern California,https://www.instagram.com/mhcnorcalclub/
haumea-ecoversity-supporters,Haumea Ecoversity Collective,https://instagram.com/haumea_ecoversity
opencampus,OpenCampus DAO,https://www.instagram.com/opencampustr/
workingclasscollectivecouk,The working class collective,https://workingclasscol/
waltham-forest-for-a-free-pale,Waltham Forest for a Free Palestine (WF4FP),https://www.instagram.com/walthamforest4p/
asena-protectora,Asena Protectora Antiespecista,https://www.instagram.com/asenaprotectora
phoenix-7-project,Phoenix 7,https://www.instagram.com/_pheonex7_/reels/
transadvocacymadison,Trans Advocacy Madison,https://instagram.com/transadvocacymadison
collective-punishment-campaign,Collective Punishment Campaign,https://www.instagram.com/cpcampaign_uk/
antwerpcoffeeweek,Antwerp Coffee Week,https://www.instagram.com/antwerpcoffeeweek/
anna-may-wong-fans,Anna May Wong Fans,https://www.instagram.com/annamaywongfans/
leavingrecords,Leaving Records,https://www.instagram.com/leavingrecords/
roden,roden,https://www.instagram.com/roden.bikes/
york-disability-rights-forum,York Disability Rights Forum,https://www.instagram.com/yorkdrf/
resistickerseire,ResiStickers√âire,https://www.instagram.com/resistickerseire/
tucson-tenants-union,Tucson Tenants Union,https://www.instagram.com/tucson_tenants_union/
