slug,name,tiktok-url
ihope,International House of Progressive Enthusiasm - Kinbox,https://kinbox.weebly.com/
blahajland,blahaj.land,https://www.tiktok.com/@blahaj_land
slow-circular-earth-uk,Slow Circular Earth UK,https://www.tiktok.com/@slowcircularearth
solidarity-economy-association,Solidarity Economy Association,https://www.tiktok.com/@soldiarityeconomy?ug_source=op.auth&ug_term=Linktr.ee&utm_source=awyc6vc625ejxp86&utm_campaign=tt4d_profile_link&_r=1
nabali,Nabali Aid Network,https://tiktok.com/@nabaliaid
bring-back-euro-trains,Bring Back Euro Trains,https://www.tiktok.com/@bringbackeurotrains
reia,Reia,https://tiktok.com/@playreia
s4gu4r0world,S4GU4R0.world,https://tiktok.com/@S4GU4R0
barter-up-901,Barter Up 901,https://www.tiktok.com/@barterup901
quy-nguon-mo-phan-mem-work-goo,Quỹ nguồn mở Phần Mềm YouTube Facebook,https://studioyoutubevideosmoney.godaddysites.com/
rabharta,Rabharta,https://tiktok.com/@rabhartaparty
radical-in-progress,Radical in Progress,https://www.tiktok.com/@radicalinprogress
earthtopia,Earthtopia,https://www.tiktok.com/@earthtopia.art?lang=en
salvatore821,Jose salvador flores diaz,https://panawalter/
step-to-egypt-2,Step to Egypt,https://www.tiktok.com/@steptoegypt
mad-making-a-difference,M.A.D Making A Difference,https://www.tiktok.com/@m.a.d_camden?
the-conspiracy,The Conspiracy,https://tiktok.com/thelastcasanova
ccmx,Comité Cerezo México,https://www.tiktok.com/@fcerezo1
bjergsen007,bjergsen007,https://dasdadadadasdad/
bathriot,Bath Riot,https://bathriot/
qnc,Quick nest cloud,https://www.tiktok.com/@benomads.fr
norwichsolidaritymovement,norwichsolidaritymovement,https://www.tiktok.com/@norwichsolidarity
covid-safe-colorado,Covid Safe Colorado,https://www.tiktok.com/@covidsafeco
scientist-rebellion,Scientist Rebellion,https://www.tiktok.com/@scientist.rebellion
letztegenerationat,Letzte Generation Österreich,https://tiktok.com/@letztegenerationat
vyos,VyOS Project Collective,https://www.tiktok.com/@vyosofficial
germantown-community-fridge,Germantown Community Fridges,https://www.tiktok.com/@germantownfridge
flashpointarchive,Flashpoint Archive,https://www.tiktok.com/@flashpointarchive
fff_muc,Fridays for Future München,https://www.tiktok.com/@fridaysforfuturemuenchen
theblackhouse,The Blackhouse,https://www.tiktok.com/@theblackhouse106.1
technovationmx,Technovation Girls México,https://www.tiktok.com/@mentoralia_ac
pasquines,Pasquines,https://www.tiktok.com/@pasquines
streetlives,Streetlives,https://www.tiktok.com/@yourpeer.nyc
seedandspark-patrons-circle,Seed&Spark Patrons' Circle,https://www.tiktok.com/@seedandsparkhq
anna-may-wong-fans,Anna May Wong Fans,https://www.tiktok.com/@annamaywongfans
